,get_mean,get_std,lower_b,upper_b,lower_b_ci,upper_b_ci,lower_bound_98,upper_bound_98
0,0.07726584465256987,0.10720956480669144,0.03919540862952138,0.11614335618879597,0.03919540862952138,0.09211101466421265,0.06912150917591024,0.19087849082408975
